Dimension,Code,Title,ParentDimension,ParentCode,ParentTitle
GHECAUSES,GHECAUSES_GHE000,All Causes,,,
GHECAUSES,GHECAUSES_GHE001,Communicable & other Group I,,,
GHECAUSES,GHECAUSES_GHE002,Infectious and parasitic diseases,,,
GHECAUSES,GHECAUSES_GHE003,Tuberculosis,,,
GHECAUSES,GHECAUSES_GHE004,STDs excluding HIV,,,
GHECAUSES,GHECAUSES_GHE005,Syphilis,,,
GHECAUSES,GHECAUSES_GHE006,Chlamydia,,,
GHECAUSES,GHECAUSES_GHE007,Gonorrhoea,,,
GHECAUSES,GHECAUSES_GHE008,Trichomoniasis,,,
GHECAUSES,GHECAUSES_GHE009,Other STDs,,,
GHECAUSES,GHECAUSES_GHE010,HIV/AIDS,,,
GHECAUSES,GHECAUSES_GHE011,Diarrhoeal diseases,,,
GHECAUSES,GHECAUSES_GHE012,Childhood-cluster diseases,,,
GHECAUSES,GHECAUSES_GHE013,Whooping cough,,,
GHECAUSES,GHECAUSES_GHE014,Diphtheria,,,
GHECAUSES,GHECAUSES_GHE015,Measles,,,
GHECAUSES,GHECAUSES_GHE016,Tetanus,,,
GHECAUSES,GHECAUSES_GHE017,Meningitis,,,
GHECAUSES,GHECAUSES_GHE018,Encephalitis,,,
GHECAUSES,GHECAUSES_GHE019,Acute hepatitis B,,,
GHECAUSES,GHECAUSES_GHE020,Acute hepatitis C,,,
GHECAUSES,GHECAUSES_GHE021,Parasitic and vector diseases,,,
GHECAUSES,GHECAUSES_GHE022,Malaria,,,
GHECAUSES,GHECAUSES_GHE023,Trypanosomiasis,,,
GHECAUSES,GHECAUSES_GHE024,Chagas disease,,,
GHECAUSES,GHECAUSES_GHE025,Schistosomiasis,,,
GHECAUSES,GHECAUSES_GHE026,Leishmaniasis,,,
GHECAUSES,GHECAUSES_GHE027,Lymphatic filariasis,,,
GHECAUSES,GHECAUSES_GHE028,Onchocerciasis,,,
GHECAUSES,GHECAUSES_GHE029,Leprosy,,,
GHECAUSES,GHECAUSES_GHE030,Dengue,,,
GHECAUSES,GHECAUSES_GHE031,Trachoma,,,
GHECAUSES,GHECAUSES_GHE032,Rabies,,,
GHECAUSES,GHECAUSES_GHE033,Intestinal nematode infections,,,
GHECAUSES,GHECAUSES_GHE034,Ascariasis,,,
GHECAUSES,GHECAUSES_GHE035,Trichuriasis,,,
GHECAUSES,GHECAUSES_GHE036,Hookworm disease,,,
GHECAUSES,GHECAUSES_GHE037,Other infectious diseases,,,
GHECAUSES,GHECAUSES_GHE038,Respiratory infections,,,
GHECAUSES,GHECAUSES_GHE039,Lower respiratory infections,,,
GHECAUSES,GHECAUSES_GHE040,Upper respiratory infections,,,
GHECAUSES,GHECAUSES_GHE041,Otitis media,,,
GHECAUSES,GHECAUSES_GHE042,Maternal conditions,,,
GHECAUSES,GHECAUSES_GHE049,Neonatal conditions,,,
GHECAUSES,GHECAUSES_GHE050,Preterm birth complications,,,
GHECAUSES,GHECAUSES_GHE051,Birth asphyxia and birth trauma,,,
GHECAUSES,GHECAUSES_GHE052,Neonatal sepsis and infections,,,
GHECAUSES,GHECAUSES_GHE053,Other neonatal conditions,,,
GHECAUSES,GHECAUSES_GHE054,Nutritional deficiencies,,,
GHECAUSES,GHECAUSES_GHE055,Protein-energy malnutrition,,,
GHECAUSES,GHECAUSES_GHE056,Iodine deficiency,,,
GHECAUSES,GHECAUSES_GHE057,Vitamin A deficiency,,,
GHECAUSES,GHECAUSES_GHE058,Iron-deficiency anaemia,,,
GHECAUSES,GHECAUSES_GHE059,Other nutritional deficiencies,,,
GHECAUSES,GHECAUSES_GHE060,Noncommunicable diseases,,,
GHECAUSES,GHECAUSES_GHE061,Malignant neoplasms,,,
GHECAUSES,GHECAUSES_GHE062,Mouth and oropharynx cancers,,,
GHECAUSES,GHECAUSES_GHE063,Oesophagus cancer,,,
GHECAUSES,GHECAUSES_GHE064,Stomach cancer,,,
GHECAUSES,GHECAUSES_GHE065,Colon and rectum cancers,,,
GHECAUSES,GHECAUSES_GHE066,Liver cancer,,,
GHECAUSES,GHECAUSES_GHE067,Pancreas cancer,,,
GHECAUSES,GHECAUSES_GHE068,"Trachea, bronchus, lung cancers",,,
GHECAUSES,GHECAUSES_GHE069,Melanoma and other skin cancers,,,
GHECAUSES,GHECAUSES_GHE070,Breast cancer,,,
GHECAUSES,GHECAUSES_GHE071,Cervix uteri cancer,,,
GHECAUSES,GHECAUSES_GHE072,Corpus uteri cancer,,,
GHECAUSES,GHECAUSES_GHE073,Ovary cancer,,,
GHECAUSES,GHECAUSES_GHE074,Prostate cancer,,,
GHECAUSES,GHECAUSES_GHE075,Bladder cancer,,,
GHECAUSES,GHECAUSES_GHE076,"Lymphomas, multiple myeloma",,,
GHECAUSES,GHECAUSES_GHE077,Leukaemia,,,
GHECAUSES,GHECAUSES_GHE078,Other malignant neoplasms,,,
GHECAUSES,GHECAUSES_GHE079,Other neoplasms,,,
GHECAUSES,GHECAUSES_GHE080,Diabetes mellitus,,,
GHECAUSES,GHECAUSES_GHE081,"Endocrine, blood, immune disorders",,,
GHECAUSES,GHECAUSES_GHE082,Mental and behavioral disorders,,,
GHECAUSES,GHECAUSES_GHE083,Unipolar depressive disorders,,,
GHECAUSES,GHECAUSES_GHE084,Bipolar disorder,,,
GHECAUSES,GHECAUSES_GHE085,Schizophrenia,,,
GHECAUSES,GHECAUSES_GHE086,Alcohol use disorders,,,
GHECAUSES,GHECAUSES_GHE087,Drug use disorders,,,
GHECAUSES,GHECAUSES_GHE088,Anxiety disorders,,,
GHECAUSES,GHECAUSES_GHE089,Eating disorders,,,
GHECAUSES,GHECAUSES_GHE090,Pervasive developmental disorders,,,
GHECAUSES,GHECAUSES_GHE091,Childhood behavioural disorders,,,
GHECAUSES,GHECAUSES_GHE092,Idiopathic intellectual disability,,,
GHECAUSES,GHECAUSES_GHE093,Other mental and behavioural disorders,,,
GHECAUSES,GHECAUSES_GHE094,Neurological conditions,,,
GHECAUSES,GHECAUSES_GHE095,Alzheimer's disease and other dementias,,,
GHECAUSES,GHECAUSES_GHE096,Parkinson's disease,,,
GHECAUSES,GHECAUSES_GHE097,Epilepsy,,,
GHECAUSES,GHECAUSES_GHE098,Multiple sclerosis,,,
GHECAUSES,GHECAUSES_GHE099,Migraine,,,
GHECAUSES,GHECAUSES_GHE100,Non-migraine headache,,,
GHECAUSES,GHECAUSES_GHE101,Other neurological conditions,,,
GHECAUSES,GHECAUSES_GHE102,Sense organ diseases,,,
GHECAUSES,GHECAUSES_GHE103,Glaucoma,,,
GHECAUSES,GHECAUSES_GHE104,Cataracts,,,
GHECAUSES,GHECAUSES_GHE105,Refractive errors,,,
GHECAUSES,GHECAUSES_GHE106,Macular degeneration,,,
GHECAUSES,GHECAUSES_GHE107,Other vision loss,,,
GHECAUSES,GHECAUSES_GHE108,Other hearing loss,,,
GHECAUSES,GHECAUSES_GHE109,other sense organ disorders,,,
GHECAUSES,GHECAUSES_GHE110,Cardiovascular diseases,,,
GHECAUSES,GHECAUSES_GHE111,Rheumatic heart disease,,,
GHECAUSES,GHECAUSES_GHE112,Hypertensive heart disease,,,
GHECAUSES,GHECAUSES_GHE113,Ischaemic heart disease,,,
GHECAUSES,GHECAUSES_GHE114,Stroke,,,
GHECAUSES,GHECAUSES_GHE115,"Cardiomyopathy, myocarditis, endocarditis",,,
GHECAUSES,GHECAUSES_GHE116,Other circulatory diseases,,,
GHECAUSES,GHECAUSES_GHE117,Chronic respiratory diseases,,,
GHECAUSES,GHECAUSES_GHE118,Chronic obstructive pulmonary disease,,,
GHECAUSES,GHECAUSES_GHE119,Asthma,,,
GHECAUSES,GHECAUSES_GHE120,Other respiratory diseases,,,
GHECAUSES,GHECAUSES_GHE121,Digestive diseases,,,
GHECAUSES,GHECAUSES_GHE122,Peptic ulcer disease,,,
GHECAUSES,GHECAUSES_GHE123,Cirrhosis of the liver,,,
GHECAUSES,GHECAUSES_GHE124,Appendicitis,,,
GHECAUSES,GHECAUSES_GHE125,Other digestive diseases,,,
GHECAUSES,GHECAUSES_GHE126,Genitourinary diseases,,,
GHECAUSES,GHECAUSES_GHE127,Kidney diseases,,,
GHECAUSES,GHECAUSES_GHE128,Hyperplasia of prostate,,,
GHECAUSES,GHECAUSES_GHE129,Urolithiasis,,,
GHECAUSES,GHECAUSES_GHE130,Other genitourinary diseases,,,
GHECAUSES,GHECAUSES_GHE131,Infertility,,,
GHECAUSES,GHECAUSES_GHE132,Gynecological diseases,,,
GHECAUSES,GHECAUSES_GHE133,Skin diseases,,,
GHECAUSES,GHECAUSES_GHE134,Musculoskeletal diseases,,,
GHECAUSES,GHECAUSES_GHE135,Rheumatoid arthritis,,,
GHECAUSES,GHECAUSES_GHE136,Osteoarthritis,,,
GHECAUSES,GHECAUSES_GHE137,Gout,,,
GHECAUSES,GHECAUSES_GHE138,Back and neck pain,,,
GHECAUSES,GHECAUSES_GHE139,Other musculoskeletal disorders,,,
GHECAUSES,GHECAUSES_GHE140,Congenital anomalies,,,
GHECAUSES,GHECAUSES_GHE141,Neural tube defects,,,
GHECAUSES,GHECAUSES_GHE142,Cleft lip and cleft palate,,,
GHECAUSES,GHECAUSES_GHE143,Down's syndrome,,,
GHECAUSES,GHECAUSES_GHE144,Congenital heart anomalies,,,
GHECAUSES,GHECAUSES_GHE145,Other chromosomal anomalies,,,
GHECAUSES,GHECAUSES_GHE146,Other congenital anomalies,,,
GHECAUSES,GHECAUSES_GHE147,Oral conditions,,,
GHECAUSES,GHECAUSES_GHE148,Dental caries,,,
GHECAUSES,GHECAUSES_GHE149,Periodontal disease,,,
GHECAUSES,GHECAUSES_GHE150,Edentulism,,,
GHECAUSES,GHECAUSES_GHE151,Injuries,,,
GHECAUSES,GHECAUSES_GHE152,Unintentional injuries,,,
GHECAUSES,GHECAUSES_GHE153,Road injury,,,
GHECAUSES,GHECAUSES_GHE154,Poisonings,,,
GHECAUSES,GHECAUSES_GHE155,Falls,,,
GHECAUSES,GHECAUSES_GHE156,"Fire, heat and hot substances",,,
GHECAUSES,GHECAUSES_GHE157,Drowning,,,
GHECAUSES,GHECAUSES_GHE158,Exposure to forces of nature,,,
GHECAUSES,GHECAUSES_GHE159,Other unintentional injuries,,,
GHECAUSES,GHECAUSES_GHE160,Intentional injuries,,,
GHECAUSES,GHECAUSES_GHE161,Self-harm,,,
GHECAUSES,GHECAUSES_GHE162,Interpersonal violence,,,
GHECAUSES,GHECAUSES_GHE163,Collective violence and legal intervention,,,
