Dimension,Code,Title,ParentDimension,ParentCode,ParentTitle
GHO,NCD_DTH_TOT,Total NCD Deaths,,,
GHO,NCD_UNDER70,Premature deaths due to noncommunicable diseases (NCD) as a proportion of all NCD deaths (%),,,
GHO,NCDMORT3070,"Probability (%) of dying between age 30 and exact age 70 from any of cardiovascular disease, cancer, diabetes, or chronic respiratory disease",,,
GHO,SDGSUICIDE,Crude suicide rates (per 100 000 population),,,
GHO,WHS2_131,Age-standardized NCD mortality rate  (per 100 000 population),,,
